ImageName,kernel_size,hueval,scaleval,valval,Lval,Aval,Bval,snr_val
noise1.png,,4.7469045,3.60164869,4.3555627,24.7546578,4.5076571,2.16409844,1.55279742
noise2.png,,4.8233666,6.35782667,3.84883088,24.7546578,4.5076571,2.16409844,1.55279742
noise3.png,,4.75257194,8.19766901,5.73450246,24.7546578,4.5076571,2.16409844,1.55279742
noise4.png,,4.95868882,4.51808923,4.99356079,24.7546578,4.5076571,2.16409844,1.55279742
noise5.png,,4.85582236,4.4777404,6.64754292,24.7546578,4.5076571,2.16409844,1.55279742
noise6.png,,4.81374933,7.37247978,4.19534122,24.7546578,4.5076571,2.16409844,1.55279742
noise7.png,,4.63021819,7.90582961,4.41292796,24.7546578,4.5076571,2.16409844,1.55279742
noise8.png,,4.67708076,7.98490784,4.74511898,24.7546578,4.5076571,2.16409844,1.55279742
noise9.png,,4.77221564,7.8294144,4.47559072,24.7546578,4.5076571,2.16409844,1.55279742
noise10.png,,4.72005636,7.90563629,4.14639881,24.7546578,4.5076571,2.16409844,1.55279742
noise11.png,,4.74977773,7.93532495,4.34567979,24.7546578,4.5076571,2.16409844,1.55279742
noise12.png,,4.89123548,7.54615832,4.84988403,24.7546578,4.5076571,2.16409844,1.55279742
noise13.png,,4.68976669,6.07380386,3.84113327,24.7546578,4.5076571,2.16409844,1.55279742
noise14.png,,4.89271988,3.03868561,3.43340167,24.7546578,4.5076571,2.16409844,1.55279742
noise15.png,,4.76344816,7.94223052,4.98098097,24.7546578,4.5076571,2.16409844,1.55279742
noise16.png,,4.83544025,7.68684345,5.24822938,24.7546578,4.5076571,2.16409844,1.55279742
noise17.png,,4.88601115,2.87439808,3.64777569,24.7546578,4.5076571,2.16409844,1.55279742
noise18.png,,4.938016,7.04439012,4.83898387,24.7546578,4.5076571,2.16409844,1.55279742
noise19.png,,4.7494979,7.10035421,4.04425887,24.7546578,4.5076571,2.16409844,1.55279742
noise20.png,,4.55469607,7.6429975,4.29240088,24.7546578,4.5076571,2.16409844,1.55279742
noise21.png,,4.71900671,5.83650811,3.4004738,24.7546578,4.5076571,2.16409844,1.55279742
noise22.png,,4.80740661,7.05364564,4.07711493,24.7546578,4.5076571,2.16409844,1.55279742
noise23.png,,4.91046322,6.956958,4.4014749,24.7546578,4.5076571,2.16409844,1.55279742
noise24.png,,4.69357582,8.07169856,5.57814594,24.7546578,4.5076571,2.16409844,1.55279742
noise25.png,,4.7012619,8.02694661,5.02074657,24.7546578,4.5076571,2.16409844,1.55279742
noise26.png,,4.78531327,7.54181038,5.00458063,24.7546578,4.5076571,2.16409844,1.55279742
noise27.png,,4.64016981,7.95127169,5.59225584,24.7546578,4.5076571,2.16409844,1.55279742
noise28.png,,4.91465158,7.48916792,5.0232532,24.7546578,4.5076571,2.16409844,1.55279742
noise29.png,,4.81066952,7.99615402,5.38159359,24.7546578,4.5076571,2.16409844,1.55279742
noise30.png,,4.96806824,6.94623869,5.09497968,24.7546578,4.5076571,2.16409844,1.55279742
noise31.png,,4.90313173,2.63873447,3.99914132,24.7546578,4.5076571,2.16409844,1.55279742
noise32.png,,4.92846272,7.02133593,4.60902076,24.7546578,4.5076571,2.16409844,1.55279742
noise33.png,,4.75233458,6.53277344,4.16230744,24.7546578,4.5076571,2.16409844,1.55279742
noise34.png,,4.92208694,7.00871405,5.0144043,24.7546578,4.5076571,2.16409844,1.55279742
noise35.png,,4.90340329,5.25944241,3.90344657,24.7546578,4.5076571,2.16409844,1.55279742
noise36.png,,4.83922862,3.30360285,3.39010381,24.7546578,4.5076571,2.16409844,1.55279742
noise37.png,,4.78238174,7.94754079,5.19737393,24.7546578,4.5076571,2.16409844,1.55279742
noise38.png,,4.92060541,2.62386151,3.48290537,24.7546578,4.5076571,2.16409844,1.55279742
noise39.png,,4.94024651,5.41552532,4.49158194,24.7546578,4.5076571,2.16409844,1.55279742
noise40.png,,4.93568143,6.83003208,4.04843259,24.7546578,4.5076571,2.16409844,1.55279742
noise41.png,,4.79305282,8.04071964,5.81578573,24.7546578,4.5076571,2.16409844,1.55279742
noise42.png,,4.74594164,8.13203006,5.91764383,24.7546578,4.5076571,2.16409844,1.55279742
noise43.png,,4.74246143,8.11922904,6.67384907,24.7546578,4.5076571,2.16409844,1.55279742
noise44.png,,4.97663128,6.43110645,5.85412837,24.7546578,4.5076571,2.16409844,1.55279742
noise45.png,,4.75586148,8.02979007,7.573238,24.7546578,4.5076571,2.16409844,1.55279742
noise46.png,,4.69693806,8.07850777,5.53945025,24.7546578,4.5076571,2.16409844,1.55279742
noise47.png,,4.73674484,7.68601174,4.30107565,24.7546578,4.5076571,2.16409844,1.55279742
noise48.png,,4.86514843,7.5812669,4.48974071,24.7546578,4.5076571,2.16409844,1.55279742
noise49.png,,4.82628389,1.75804296,3.19589114,24.7546578,4.5076571,2.16409844,1.55279742
noise50.png,,4.74603861,8.00741463,4.71164359,24.7546578,4.5076571,2.16409844,1.55279742
noise51.png,,4.73118522,8.09425343,4.70167571,24.7546578,4.5076571,2.16409844,1.55279742
noise52.png,,4.89338311,7.29276426,4.51006901,24.7546578,4.5076571,2.16409844,1.55279742
noise53.png,,4.68202095,8.09122436,4.65144498,24.7546578,4.5076571,2.16409844,1.55279742
noise54.png,,4.88287028,7.41103167,4.09236235,24.7546578,4.5076571,2.16409844,1.55279742
noise55.png,,4.76972555,7.69023061,4.27513212,24.7546578,4.5076571,2.16409844,1.55279742
noise56.png,,4.71975692,7.90861312,4.45306696,24.7546578,4.5076571,2.16409844,1.55279742
noise57.png,,4.67558282,7.8894142,5.81711713,24.7546578,4.5076571,2.16409844,1.55279742
noise58.png,,4.84450896,5.95170627,3.92635989,24.7546578,4.5076571,2.16409844,1.55279742
noise59.png,,4.74840408,3.78924406,2.85900221,24.7546578,4.5076571,2.16409844,1.55279742
noise60.png,,4.51879993,7.66204328,3.86946734,24.7546578,4.5076571,2.16409844,1.55279742
noise61.png,,4.66840001,1.69213525,2.71054317,24.7546578,4.5076571,2.16409844,1.55279742
noise62.png,,4.83751117,7.19285873,4.65418617,24.7546578,4.5076571,2.16409844,1.55279742
noise63.png,,4.88623814,7.04470214,4.48928594,24.7546578,4.5076571,2.16409844,1.55279742
noise64.png,,4.89406556,4.91169999,4.00221342,24.7546578,4.5076571,2.16409844,1.55279742
noise65.png,,4.82447353,7.80218873,5.01465442,24.7546578,4.5076571,2.16409844,1.55279742
noise66.png,,4.91727827,6.62773847,4.58513088,24.7546578,4.5076571,2.16409844,1.55279742
noise67.png,,4.75941965,8.15663165,5.67228848,24.7546578,4.5076571,2.16409844,1.55279742
noise68.png,,4.89759446,7.44996768,5.10591514,24.7546578,4.5076571,2.16409844,1.55279742
noise69.png,,4.80161633,7.95433342,5.32347975,24.7546578,4.5076571,2.16409844,1.55279742
noise70.png,,4.95653562,5.63852652,4.70468738,24.7546578,4.5076571,2.16409844,1.55279742
noise71.png,,4.97459601,6.04612819,5.03214458,24.7546578,4.5076571,2.16409844,1.55279742
noise72.png,,4.72607576,8.09149478,5.58476945,24.7546578,4.5076571,2.16409844,1.55279742
noise73.png,,4.84931022,5.58098336,3.88986924,24.7546578,4.5076571,2.16409844,1.55279742
noise74.png,,4.65083664,7.63388359,4.80058558,24.7546578,4.5076571,2.16409844,1.55279742
noise75.png,,4.97121662,5.27339623,4.00146544,24.7546578,4.5076571,2.16409844,1.55279742
noise76.png,,4.81270049,7.95474482,4.69690719,24.7546578,4.5076571,2.16409844,1.55279742
noise77.png,,4.83398862,7.99563348,5.07303694,24.7546578,4.5076571,2.16409844,1.55279742
noise78.png,,4.85961483,7.87482017,4.70880606,24.7546578,4.5076571,2.16409844,1.55279742
noise79.png,,4.83650096,7.69938595,4.94865208,24.7546578,4.5076571,2.16409844,1.55279742
noise80.png,,4.98499714,5.80539473,3.93306298,24.7546578,4.5076571,2.16409844,1.55279742
noise81.png,,4.89309036,7.72947907,5.79363056,24.7546578,4.5076571,2.16409844,1.55279742
noise82.png,,4.80553637,8.02686638,6.3706312,24.7546578,4.5076571,2.16409844,1.55279742
noise83.png,,4.99305254,6.038649,6.407214,24.7546578,4.5076571,2.16409844,1.55279742
noise84.png,,4.65508103,7.93023226,4.11588123,24.7546578,4.5076571,2.16409844,1.55279742
noise85.png,,4.79400705,7.24587327,3.55266795,24.7546578,4.5076571,2.16409844,1.55279742
noise86.png,,4.83101399,5.49286914,3.06832287,24.7546578,4.5076571,2.16409844,1.55279742
noise87.png,,4.8396175,4.79833487,2.93896185,24.7546578,4.5076571,2.16409844,1.55279742
noise88.png,,4.81578295,7.5441458,4.29168821,24.7546578,4.5076571,2.16409844,1.55279742
noise89.png,,4.80158454,7.61699526,4.61361874,24.7546578,4.5076571,2.16409844,1.55279742
noise90.png,,4.95756182,5.02685686,4.27401973,24.7546578,4.5076571,2.16409844,1.55279742
noise91.png,,4.91065843,4.77118973,3.3864782,24.7546578,4.5076571,2.16409844,1.55279742
noise92.png,,4.91450296,7.23225608,4.6408099,24.7546578,4.5076571,2.16409844,1.55279742
noise93.png,,4.86204412,7.77154855,4.88132372,24.7546578,4.5076571,2.16409844,1.55279742
noise94.png,,4.74670045,7.9038968,4.53453752,24.7546578,4.5076571,2.16409844,1.55279742
noise95.png,,4.86354473,7.40675045,4.29766547,24.7546578,4.5076571,2.16409844,1.55279742
noise96.png,,4.78976101,6.40998094,3.96936095,24.7546578,4.5076571,2.16409844,1.55279742
noise97.png,,4.55849282,7.68944866,4.50797107,24.7546578,4.5076571,2.16409844,1.55279742
noise98.png,,4.84254686,7.47719586,4.53883811,24.7546578,4.5076571,2.16409844,1.55279742
noise99.png,,4.72297637,7.81513828,4.6838732,24.7546578,4.5076571,2.16409844,1.55279742
noise100.png,,4.88061765,5.82535072,4.02888638,24.7546578,4.5076571,2.16409844,1.55279742
noise101.png,,4.91076853,6.40412959,4.69886032,24.7546578,4.5076571,2.16409844,1.55279742
noise102.png,,4.79243327,7.71791322,5.13848279,24.7546578,4.5076571,2.16409844,1.55279742
noise103.png,,4.93455893,5.47511316,4.46373494,24.7546578,4.5076571,2.16409844,1.55279742
noise104.png,,4.93945745,7.29856157,4.99162681,24.7546578,4.5076571,2.16409844,1.55279742
noise105.png,,4.78116892,8.10854097,5.83065557,24.7546578,4.5076571,2.16409844,1.55279742
noise106.png,,4.74292769,8.19460099,5.69229305,24.7546578,4.5076571,2.16409844,1.55279742
noise107.png,,4.81387329,8.06289221,5.83866194,24.7546578,4.5076571,2.16409844,1.55279742
noise108.png,,4.95550605,6.71926007,4.70827948,24.7546578,4.5076571,2.16409844,1.55279742
noise109.png,,4.78262819,7.90728073,5.62987324,24.7546578,4.5076571,2.16409844,1.55279742
noise110.png,,4.88889801,7.13888762,4.94436586,24.7546578,4.5076571,2.16409844,1.55279742
noise111.png,,4.67376731,7.65234856,4.79513729,24.7546578,4.5076571,2.16409844,1.55279742
noise112.png,,4.63629131,7.92699392,3.83602965,24.7546578,4.5076571,2.16409844,1.55279742
noise113.png,,4.76574825,7.85502129,4.68856512,24.7546578,4.5076571,2.16409844,1.55279742
noise114.png,,4.87010234,6.72941999,4.37488631,24.7546578,4.5076571,2.16409844,1.55279742
noise115.png,,4.92431388,7.45804277,5.27525539,24.7546578,4.5076571,2.16409844,1.55279742
noise116.png,,4.91764819,6.02149318,4.36289589,24.7546578,4.5076571,2.16409844,1.55279742
noise117.png,,4.94750298,6.68526239,4.42684218,24.7546578,4.5076571,2.16409844,1.55279742
noise118.png,,4.76194062,8.15101027,5.66777428,24.7546578,4.5076571,2.16409844,1.55279742
noise119.png,,4.91024118,7.63616109,4.86098166,24.7546578,4.5076571,2.16409844,1.55279742
noise120.png,,4.96708357,4.10154885,3.71001719,24.7546578,4.5076571,2.16409844,1.55279742
noise121.png,,4.83853546,8.00306758,6.1523264,24.7546578,4.5076571,2.16409844,1.55279742
noise122.png,,4.89857371,7.7560615,6.36732513,24.7546578,4.5076571,2.16409844,1.55279742
noise123.png,,4.9544262,6.90587272,6.8559301,24.7546578,4.5076571,2.16409844,1.55279742
noise124.png,,4.79095909,7.60734524,4.66037406,24.7546578,4.5076571,2.16409844,1.55279742
noise125.png,,4.53021548,7.5870055,3.91840617,24.7546578,4.5076571,2.16409844,1.55279742
noise126.png,,4.68842595,3.74445813,2.63053086,24.7546578,4.5076571,2.16409844,1.55279742
noise127.png,,4.76705304,7.77864441,4.25797466,24.7546578,4.5076571,2.16409844,1.55279742
noise128.png,,4.90073062,6.86769909,4.03707766,24.7546578,4.5076571,2.16409844,1.55279742
noise129.png,,4.84178128,7.45089972,4.2255614,24.7546578,4.5076571,2.16409844,1.55279742
noise130.png,,4.7434087,7.86803912,4.24590646,24.7546578,4.5076571,2.16409844,1.55279742
noise131.png,,4.86761374,4.72841138,3.58530142,24.7546578,4.5076571,2.16409844,1.55279742
noise132.png,,4.84543826,7.67017762,4.78766527,24.7546578,4.5076571,2.16409844,1.55279742
noise133.png,,4.80552222,8.01116075,5.32827938,24.7546578,4.5076571,2.16409844,1.55279742
noise134.png,,4.83998527,7.89204382,5.04269888,24.7546578,4.5076571,2.16409844,1.55279742
noise135.png,,4.69542559,8.08344539,5.91646262,24.7546578,4.5076571,2.16409844,1.55279742
noise136.png,,4.69952769,8.08782517,5.47316129,24.7546578,4.5076571,2.16409844,1.55279742
noise137.png,,4.89243607,6.24456066,4.15292239,24.7546578,4.5076571,2.16409844,1.55279742
noise138.png,,4.70787143,7.75308825,4.23835545,24.7546578,4.5076571,2.16409844,1.55279742
noise139.png,,4.91929835,5.24917668,4.12732652,24.7546578,4.5076571,2.16409844,1.55279742
noise140.png,,4.69945639,8.09734831,5.85645189,24.7546578,4.5076571,2.16409844,1.55279742
noise141.png,,4.82823958,2.97870229,3.54064762,24.7546578,4.5076571,2.16409844,1.55279742
noise142.png,,4.74437067,7.96511963,5.40655099,24.7546578,4.5076571,2.16409844,1.55279742
noise143.png,,4.64872841,8.01608635,4.92929436,24.7546578,4.5076571,2.16409844,1.55279742
noise144.png,,4.95168191,6.44275519,4.99949736,24.7546578,4.5076571,2.16409844,1.55279742
noise145.png,,4.94461169,7.39648576,5.43955485,24.7546578,4.5076571,2.16409844,1.55279742
noise146.png,,4.88556177,6.73264584,5.15992348,24.7546578,4.5076571,2.16409844,1.55279742
noise147.png,,4.82632223,7.96639351,5.63823027,24.7546578,4.5076571,2.16409844,1.55279742
noise148.png,,4.85236442,7.97229149,5.69237444,24.7546578,4.5076571,2.16409844,1.55279742
noise149.png,,4.92611892,4.29412201,4.03175264,24.7546578,4.5076571,2.16409844,1.55279742
noise150.png,,4.96434805,6.74626966,5.2293025,24.7546578,4.5076571,2.16409844,1.55279742
noise151.png,,4.95879838,4.05057844,4.28348915,24.7546578,4.5076571,2.16409844,1.55279742
noise152.png,,4.93407031,4.09050678,4.45515891,24.7546578,4.5076571,2.16409844,1.55279742
noise153.png,,4.83555643,7.85976834,5.60927088,24.7546578,4.5076571,2.16409844,1.55279742
noise154.png,,4.82901279,7.93208991,5.41525568,24.7546578,4.5076571,2.16409844,1.55279742
noise155.png,,4.87401724,7.39906842,4.58603264,24.7546578,4.5076571,2.16409844,1.55279742
noise156.png,,4.89819452,7.65187527,4.77098472,24.7546578,4.5076571,2.16409844,1.55279742
noise157.png,,4.93594938,7.06665365,5.2844328,24.7546578,4.5076571,2.16409844,1.55279742
noise158.png,,4.96063042,4.67091285,4.52597106,24.7546578,4.5076571,2.16409844,1.55279742
noise159.png,,4.78505046,8.19167931,5.49413285,24.7546578,4.5076571,2.16409844,1.55279742
noise160.png,,4.88785782,7.91420919,5.60408588,24.7546578,4.5076571,2.16409844,1.55279742
noise161.png,,4.79953208,8.10952475,6.18311325,24.7546578,4.5076571,2.16409844,1.55279742
noise162.png,,4.92708338,7.47761989,6.40329877,24.7546578,4.5076571,2.16409844,1.55279742
noise163.png,,4.94830135,5.28008747,6.24564736,24.7546578,4.5076571,2.16409844,1.55279742
noise164.png,,4.68170538,6.96252083,4.34608489,24.7546578,4.5076571,2.16409844,1.55279742
noise165.png,,4.6470251,7.96702436,4.17462158,24.7546578,4.5076571,2.16409844,1.55279742
noise166.png,,4.66841509,2.03439518,2.56063065,24.7546578,4.5076571,2.16409844,1.55279742
noise167.png,,4.55340715,7.32165995,3.22063192,24.7546578,4.5076571,2.16409844,1.55279742
noise168.png,,4.83905114,7.89643884,5.32911892,24.7546578,4.5076571,2.16409844,1.55279742
noise169.png,,4.49524869,7.70465039,3.77757413,24.7546578,4.5076571,2.16409844,1.55279742
noise170.png,,4.88992584,4.60624882,3.68926224,24.7546578,4.5076571,2.16409844,1.55279742
noise171.png,,4.93025226,4.62577998,4.00156896,24.7546578,4.5076571,2.16409844,1.55279742
noise172.png,,4.9465573,3.50251279,3.79749911,24.7546578,4.5076571,2.16409844,1.55279742
noise173.png,,4.88677165,7.74215103,5.2426704,24.7546578,4.5076571,2.16409844,1.55279742
noise174.png,,4.86844398,7.85609868,5.46609916,24.7546578,4.5076571,2.16409844,1.55279742
noise175.png,,4.96115181,4.90473663,4.81659654,24.7546578,4.5076571,2.16409844,1.55279742
noise176.png,,4.94783934,4.2111276,4.13600967,24.7546578,4.5076571,2.16409844,1.55279742
noise177.png,,4.77368955,8.07344407,5.19828108,24.7546578,4.5076571,2.16409844,1.55279742
noise178.png,,4.87437985,7.01204907,4.30896295,24.7546578,4.5076571,2.16409844,1.55279742
noise179.png,,4.91412037,7.40455707,4.84305827,24.7546578,4.5076571,2.16409844,1.55279742
noise180.png,,4.85432125,6.39719321,4.14215148,24.7546578,4.5076571,2.16409844,1.55279742
noise181.png,,4.81119237,7.93000718,5.11625522,24.7546578,4.5076571,2.16409844,1.55279742
noise182.png,,4.94115853,6.37669913,4.61124615,24.7546578,4.5076571,2.16409844,1.55279742
noise183.png,,4.71123033,7.75169947,4.07111972,24.7546578,4.5076571,2.16409844,1.55279742
noise184.png,,4.69794603,7.88274919,4.18527341,24.7546578,4.5076571,2.16409844,1.55279742
noise185.png,,4.36514689,7.51037368,3.51003669,24.7546578,4.5076571,2.16409844,1.55279742
noise186.png,,4.66148812,7.61222257,4.06056363,24.7546578,4.5076571,2.16409844,1.55279742
noise187.png,,4.84900573,7.58102765,4.60230031,24.7546578,4.5076571,2.16409844,1.55279742
noise188.png,,4.92884196,7.01252611,4.95126821,24.7546578,4.5076571,2.16409844,1.55279742
noise189.png,,4.92388487,3.88118512,3.76676133,24.7546578,4.5076571,2.16409844,1.55279742
noise190.png,,4.89018606,7.80323372,4.59859452,24.7546578,4.5076571,2.16409844,1.55279742
noise191.png,,4.91512457,7.64814602,5.50647511,24.7546578,4.5076571,2.16409844,1.55279742
noise192.png,,4.95965399,5.52019747,4.36561854,24.7546578,4.5076571,2.16409844,1.55279742
noise193.png,,4.78400627,7.63475194,5.20920279,24.7546578,4.5076571,2.16409844,1.55279742
noise194.png,,4.8611042,7.61138255,5.24871647,24.7546578,4.5076571,2.16409844,1.55279742
noise195.png,,4.82916375,7.99815549,5.57002348,24.7546578,4.5076571,2.16409844,1.55279742
noise196.png,,4.66274431,8.09081803,5.20865945,24.7546578,4.5076571,2.16409844,1.55279742
noise197.png,,4.91237338,7.09562635,4.67222565,24.7546578,4.5076571,2.16409844,1.55279742
noise198.png,,4.82925159,7.77792983,5.30756393,24.7546578,4.5076571,2.16409844,1.55279742
noise199.png,,4.91354324,7.03230008,4.97377104,24.7546578,4.5076571,2.16409844,1.55279742
noise200.png,,4.87904768,5.88960231,4.70841052,24.7546578,4.5076571,2.16409844,1.55279742
noise201.png,,4.801301,8.14166803,5.11025522,24.7546578,4.5076571,2.16409844,1.55279742
noise202.png,,4.77894115,7.29489061,6.13474887,24.7546578,4.5076571,2.16409844,1.55279742
noise203.png,,4.76674186,7.67372826,4.37922459,24.7546578,4.5076571,2.16409844,1.55279742
noise204.png,,4.88077444,6.44930668,4.19421626,24.7546578,4.5076571,2.16409844,1.55279742
noise205.png,,4.88619977,5.65573953,3.61949906,24.7546578,4.5076571,2.16409844,1.55279742
noise206.png,,4.93874803,6.61163444,4.64700258,24.7546578,4.5076571,2.16409844,1.55279742
noise207.png,,4.95865364,5.82664556,4.2996503,24.7546578,4.5076571,2.16409844,1.55279742
noise208.png,,4.96438533,6.95831737,5.27402033,24.7546578,4.5076571,2.16409844,1.55279742
noise209.png,,4.96899006,6.75309714,5.04211904,24.7546578,4.5076571,2.16409844,1.55279742
noise210.png,,4.9719911,6.22477138,5.35145718,24.7546578,4.5076571,2.16409844,1.55279742
noise211.png,,4.71316129,8.03362675,6.18839219,24.7546578,4.5076571,2.16409844,1.55279742
noise212.png,,4.81635005,8.04946572,5.15533328,24.7546578,4.5076571,2.16409844,1.55279742
noise213.png,,4.65839694,7.96989008,4.64950202,24.7546578,4.5076571,2.16409844,1.55279742
noise214.png,,4.73647865,7.94126029,4.5919004,24.7546578,4.5076571,2.16409844,1.55279742
noise215.png,,4.85038611,7.56994022,4.76882935,24.7546578,4.5076571,2.16409844,1.55279742
noise216.png,,4.89293527,7.51598397,5.46917665,24.7546578,4.5076571,2.16409844,1.55279742
noise217.png,,4.9379714,4.10720462,3.95056152,24.7546578,4.5076571,2.16409844,1.55279742
noise218.png,,4.79167376,7.68164992,3.68490002,24.7546578,4.5076571,2.16409844,1.55279742
noise219.png,,4.85878859,7.07445313,4.36350564,24.7546578,4.5076571,2.16409844,1.55279742
noise220.png,,4.84766699,7.44506214,5.43796255,24.7546578,4.5076571,2.16409844,1.55279742
noise221.png,,4.77655243,7.49214182,5.75969442,24.7546578,4.5076571,2.16409844,1.55279742
noise222.png,,4.6290638,7.90974038,7.08716598,24.7546578,4.5076571,2.16409844,1.55279742
noise223.png,,4.75211571,7.83362167,3.46187696,24.7546578,4.5076571,2.16409844,1.55279742
noise224.png,,4.92870567,7.33346031,4.63897944,24.7546578,4.5076571,2.16409844,1.55279742
noise225.png,,4.69775685,8.00009506,5.96621704,24.7546578,4.5076571,2.16409844,1.55279742
noise226.png,,4.90478635,5.60075432,5.25880761,24.7546578,4.5076571,2.16409844,1.55279742
noise227.png,,4.88397617,6.38213917,4.22532504,24.7546578,4.5076571,2.16409844,1.55279742
noise228.png,,4.88442106,3.11854464,2.89754411,24.7546578,4.5076571,2.16409844,1.55279742
noise229.png,,4.78892674,7.5858441,3.83018464,24.7546578,4.5076571,2.16409844,1.55279742
noise230.png,,4.73508296,8.09885164,4.5811606,24.7546578,4.5076571,2.16409844,1.55279742
noise231.png,,4.8444163,5.72518896,3.37864894,24.7546578,4.5076571,2.16409844,1.55279742
noise232.png,,4.85291378,7.54228307,4.03642363,24.7546578,4.5076571,2.16409844,1.55279742
noise233.png,,4.77402725,7.75730524,3.52539661,24.7546578,4.5076571,2.16409844,1.55279742
noise234.png,,4.82525147,7.57288623,4.01134656,24.7546578,4.5076571,2.16409844,1.55279742
noise235.png,,4.9689182,7.1778739,5.46167471,24.7546578,4.5076571,2.16409844,1.55279742
noise236.png,,4.8996913,4.53956273,3.31702558,24.7546578,4.5076571,2.16409844,1.55279742
noise237.png,,4.68477153,7.96284072,4.87493238,24.7546578,4.5076571,2.16409844,1.55279742
noise238.png,,4.43271879,7.52001792,4.43937294,24.7546578,4.5076571,2.16409844,1.55279742
noise239.png,,4.32353849,6.40862455,3.04046571,24.7546578,4.5076571,2.16409844,1.55279742
noise240.png,,4.56958994,7.93339089,4.48547782,24.7546578,4.5076571,2.16409844,1.55279742
noise241.png,,4.82941491,7.34290057,4.56310736,24.7546578,4.5076571,2.16409844,1.55279742
noise242.png,,4.51702005,3.68769627,2.23514871,24.7546578,4.5076571,2.16409844,1.55279742
noise243.png,,4.32014548,7.45864543,2.59881472,24.7546578,4.5076571,2.16409844,1.55279742
noise244.png,,4.53521147,7.03147542,2.40404137,24.7546578,4.5076571,2.16409844,1.55279742
noise245.png,,4.39929033,7.0885541,2.59959382,24.7546578,4.5076571,2.16409844,1.55279742
noise246.png,,4.74544416,8.08961058,7.2276731,24.7546578,4.5076571,2.16409844,1.55279742
noise247.png,,4.61351814,6.95368653,2.66687012,24.7546578,4.5076571,2.16409844,1.55279742
noise248.png,,4.52830994,7.65856685,3.15901394,24.7546578,4.5076571,2.16409844,1.55279742
noise249.png,,4.84913875,6.84721844,5.44287289,24.7546578,4.5076571,2.16409844,1.55279742
noise250.png,,4.8225981,3.2271438,3.62842216,24.7546578,4.5076571,2.16409844,1.55279742
noise251.png,,4.73640026,7.78426922,4.61547493,24.7546578,4.5076571,2.16409844,1.55279742
noise252.png,,4.51932577,7.69998072,4.18514955,24.7546578,4.5076571,2.16409844,1.55279742
noise253.png,,4.73699652,6.99572952,3.91992846,24.7546578,4.5076571,2.16409844,1.55279742
noise254.png,,4.76706812,8.05514104,4.58385453,24.7546578,4.5076571,2.16409844,1.55279742
noise255.png,,4.9423171,5.49534741,3.59701777,24.7546578,4.5076571,2.16409844,1.55279742
noise256.png,,4.81576722,7.97846319,4.2839535,24.7546578,4.5076571,2.16409844,1.55279742
noise257.png,,4.87096982,7.49344314,4.57494399,24.7546578,4.5076571,2.16409844,1.55279742
noise258.png,,4.93157038,5.9071855,3.60889629,24.7546578,4.5076571,2.16409844,1.55279742
noise259.png,,4.80836318,7.3296723,3.63547291,24.7546578,4.5076571,2.16409844,1.55279742
noise260.png,,4.88146723,4.98180504,2.69797291,24.7546578,4.5076571,2.16409844,1.55279742
noise261.png,,4.76119415,7.0722457,2.7719577,24.7546578,4.5076571,2.16409844,1.55279742
noise262.png,,4.87017343,6.4310284,3.32573505,24.7546578,4.5076571,2.16409844,1.55279742
noise263.png,,4.6745393,7.90022724,4.29461072,24.7546578,4.5076571,2.16409844,1.55279742
noise264.png,,4.90881753,6.01627143,5.53182744,24.7546578,4.5076571,2.16409844,1.55279742
noise265.png,,4.80314031,7.97173459,5.00465483,24.7546578,4.5076571,2.16409844,1.55279742
noise266.png,,4.92109983,7.16775176,4.33994368,24.7546578,4.5076571,2.16409844,1.55279742
noise267.png,,4.77188678,7.79745358,4.05586153,24.7546578,4.5076571,2.16409844,1.55279742
noise268.png,,4.73360065,8.14466715,5.14808924,24.7546578,4.5076571,2.16409844,1.55279742
noise269.png,,4.21548718,7.1321588,2.9634567,24.7546578,4.5076571,2.16409844,1.55279742
noise270.png,,4.48353787,6.40812555,2.93886132,24.7546578,4.5076571,2.16409844,1.55279742
noise271.png,,4.70638477,3.98865508,3.16287291,24.7546578,4.5076571,2.16409844,1.55279742
noise272.png,,4.67886173,2.35672787,2.37759699,24.7546578,4.5076571,2.16409844,1.55279742
noise273.png,,4.6714562,6.88564694,2.6853883,24.7546578,4.5076571,2.16409844,1.55279742
noise274.png,,4.65992983,7.64836834,3.15163167,24.7546578,4.5076571,2.16409844,1.55279742
noise275.png,,4.62318092,5.97711951,2.37557864,24.7546578,4.5076571,2.16409844,1.55279742
noise276.png,,4.62483206,7.30632011,3.08100622,24.7546578,4.5076571,2.16409844,1.55279742
noise277.png,,4.81189737,6.21897149,3.2449257,24.7546578,4.5076571,2.16409844,1.55279742
noise278.png,,4.62896618,7.91953565,6.05110258,24.7546578,4.5076571,2.16409844,1.55279742
noise279.png,,4.91356869,6.43229942,4.13803699,24.7546578,4.5076571,2.16409844,1.55279742
noise280.png,,4.78616642,7.6943147,5.20448991,24.7546578,4.5076571,2.16409844,1.55279742
noise281.png,,4.77505357,7.85582181,4.88615328,24.7546578,4.5076571,2.16409844,1.55279742
noise282.png,,4.67271554,7.96986054,4.86375218,24.7546578,4.5076571,2.16409844,1.55279742
noise283.png,,4.62303706,7.80439976,4.4472758,24.7546578,4.5076571,2.16409844,1.55279742
noise284.png,,4.80486626,7.32567804,4.02372054,24.7546578,4.5076571,2.16409844,1.55279742
noise285.png,,4.7863953,4.16796665,2.98920635,24.7546578,4.5076571,2.16409844,1.55279742
noise286.png,,4.90303586,5.97662306,3.16910029,24.7546578,4.5076571,2.16409844,1.55279742
noise287.png,,4.7661727,8.01656479,4.41326426,24.7546578,4.5076571,2.16409844,1.55279742
noise288.png,,4.69845496,8.08560857,4.89664893,24.7546578,4.5076571,2.16409844,1.55279742
noise289.png,,4.64748215,8.07913366,3.6280356,24.7546578,4.5076571,2.16409844,1.55279742
noise290.png,,4.68967856,8.06665132,5.15923653,24.7546578,4.5076571,2.16409844,1.55279742
noise291.png,,4.79985069,4.60635735,2.72667679,24.7546578,4.5076571,2.16409844,1.55279742
noise292.png,,4.82521468,7.55468908,3.36761594,24.7546578,4.5076571,2.16409844,1.55279742
noise293.png,,4.96883158,6.64983239,3.85096591,24.7546578,4.5076571,2.16409844,1.55279742
noise294.png,,4.80189794,7.87499865,5.77632949,24.7546578,4.5076571,2.16409844,1.55279742
noise295.png,,4.5978364,6.5563624,4.28082515,24.7546578,4.5076571,2.16409844,1.55279742
noise296.png,,4.65368222,6.20697272,3.44072948,24.7546578,4.5076571,2.16409844,1.55279742
noise297.png,,4.83338125,7.23918314,3.80099308,24.7546578,4.5076571,2.16409844,1.55279742
noise298.png,,4.90213323,7.74441856,5.4280593,24.7546578,4.5076571,2.16409844,1.55279742
noise299.png,,4.78455279,7.98319301,5.95135079,24.7546578,4.5076571,2.16409844,1.55279742
noise300.png,,4.73264212,8.03608708,5.45544434,24.7546578,4.5076571,2.16409844,1.55279742
noise301.png,,4.9181579,7.20396446,4.5314349,24.7546578,4.5076571,2.16409844,1.55279742
noise302.png,,4.68584711,7.48476654,3.87326349,24.7546578,4.5076571,2.16409844,1.55279742
noise303.png,,4.74892923,6.64610712,3.17140647,24.7546578,4.5076571,2.16409844,1.55279742
noise304.png,,4.74938938,5.1216883,3.16379024,24.7546578,4.5076571,2.16409844,1.55279742
noise305.png,,4.53460708,6.66918309,2.84378351,24.7546578,4.5076571,2.16409844,1.55279742
noise306.png,,4.3292669,6.39788772,2.600933,24.7546578,4.5076571,2.16409844,1.55279742
noise307.png,,4.5884145,6.80341819,2.94524369,24.7546578,4.5076571,2.16409844,1.55279742
noise308.png,,4.57629875,7.56889191,3.111598,24.7546578,4.5076571,2.16409844,1.55279742
noise309.png,,4.76158881,6.51054601,3.08299046,24.7546578,4.5076571,2.16409844,1.55279742
noise310.png,,4.72039873,4.344894,2.4660483,24.7546578,4.5076571,2.16409844,1.55279742
noise311.png,,4.67027365,7.99878559,4.24808457,24.7546578,4.5076571,2.16409844,1.55279742
noise312.png,,4.93134841,6.91963479,5.15952735,24.7546578,4.5076571,2.16409844,1.55279742
noise313.png,,4.72203508,7.98309185,4.64464434,24.7546578,4.5076571,2.16409844,1.55279742
noise314.png,,4.77286406,7.66422885,3.87326648,24.7546578,4.5076571,2.16409844,1.55279742
noise315.png,,4.80422195,7.2469791,4.4284297,24.7546578,4.5076571,2.16409844,1.55279742
noise316.png,,4.7091242,7.95548401,5.51521511,24.7546578,4.5076571,2.16409844,1.55279742
noise317.png,,4.88909536,5.79778914,4.5610543,24.7546578,4.5076571,2.16409844,1.55279742
noise318.png,,4.86172981,3.03778034,3.95801858,24.7546578,4.5076571,2.16409844,1.55279742
noise319.png,,4.86514767,1.88928739,3.38330856,24.7546578,4.5076571,2.16409844,1.55279742
noise320.png,,4.73312437,7.76398242,4.81770055,24.7546578,4.5076571,2.16409844,1.55279742
noise321.png,,4.86560942,4.61688307,3.41174077,24.7546578,4.5076571,2.16409844,1.55279742
noise322.png,,4.62504823,7.95004483,4.12709853,24.7546578,4.5076571,2.16409844,1.55279742
noise323.png,,4.87990191,7.77574982,6.76700846,24.7546578,4.5076571,2.16409844,1.55279742
noise324.png,,4.72410693,5.36115439,2.99869732,24.7546578,4.5076571,2.16409844,1.55279742
noise325.png,,4.88888203,4.38238326,3.46910245,24.7546578,4.5076571,2.16409844,1.55279742
noise326.png,,4.66836237,7.97376176,3.889886,24.7546578,4.5076571,2.16409844,1.55279742
noise327.png,,4.6878806,8.0602789,4.68082323,24.7546578,4.5076571,2.16409844,1.55279742
noise328.png,,4.76367987,5.88443372,2.36059391,24.7546578,4.5076571,2.16409844,1.55279742
noise329.png,,4.68458266,7.6068693,2.96748801,24.7546578,4.5076571,2.16409844,1.55279742
noise330.png,,4.79008966,7.84712829,3.71705957,24.7546578,4.5076571,2.16409844,1.55279742
noise331.png,,4.83396947,7.79970753,4.33642638,24.7546578,4.5076571,2.16409844,1.55279742
noise332.png,,4.92548707,3.88458666,3.85358683,24.7546578,4.5076571,2.16409844,1.55279742
noise333.png,,4.76564388,7.93499742,6.97868557,24.7546578,4.5076571,2.16409844,1.55279742
noise334.png,,4.92989038,7.21438998,6.64818917,24.7546578,4.5076571,2.16409844,1.55279742
noise335.png,,4.94162398,6.49778367,4.83043835,24.7546578,4.5076571,2.16409844,1.55279742
noise336.png,,4.71251971,2.14391044,2.89022408,24.7546578,4.5076571,2.16409844,1.55279742
noise337.png,,4.86271412,4.57131899,3.13146255,24.7546578,4.5076571,2.16409844,1.55279742
noise338.png,,4.88799935,6.2185643,3.75880103,24.7546578,4.5076571,2.16409844,1.55279742
noise339.png,,4.89658894,7.53780926,4.24425791,24.7546578,4.5076571,2.16409844,1.55279742
noise340.png,,4.97936499,6.8204776,4.84359801,24.7546578,4.5076571,2.16409844,1.55279742
noise341.png,,4.80201406,7.74971879,5.38163488,24.7546578,4.5076571,2.16409844,1.55279742
noise342.png,,4.92920705,4.95069135,4.02602491,24.7546578,4.5076571,2.16409844,1.55279742
noise343.png,,4.82791893,7.10370667,3.88335164,24.7546578,4.5076571,2.16409844,1.55279742
noise344.png,,4.76612233,3.0277139,2.41709272,24.7546578,4.5076571,2.16409844,1.55279742
noise345.png,,4.64226624,7.20127036,2.99097278,24.7546578,4.5076571,2.16409844,1.55279742
noise346.png,,4.87761466,7.40249735,5.59752999,24.7546578,4.5076571,2.16409844,1.55279742
noise347.png,,4.54895774,5.78379096,2.59220557,24.7546578,4.5076571,2.16409844,1.55279742
noise348.png,,4.37658186,7.29843596,3.07315423,24.7546578,4.5076571,2.16409844,1.55279742
noise349.png,,4.53311767,7.27465144,3.29846969,24.7546578,4.5076571,2.16409844,1.55279742
noise350.png,,4.69873808,7.6626936,3.82449341,24.7546578,4.5076571,2.16409844,1.55279742
noise351.png,,4.67934805,5.40765974,2.72078151,24.7546578,4.5076571,2.16409844,1.55279742
noise352.png,,4.74879573,3.30696,2.88742604,24.7546578,4.5076571,2.16409844,1.55279742
noise353.png,,4.66409998,7.98411757,4.37216007,24.7546578,4.5076571,2.16409844,1.55279742
noise354.png,,4.52078131,7.49282292,4.85729621,24.7546578,4.5076571,2.16409844,1.55279742
noise355.png,,4.72212013,8.08111153,4.93669098,24.7546578,4.5076571,2.16409844,1.55279742
noise356.png,,4.78361954,7.63834605,4.45870134,24.7546578,4.5076571,2.16409844,1.55279742
noise357.png,,4.70074127,7.57728176,5.8666334,24.7546578,4.5076571,2.16409844,1.55279742
noise358.png,,4.77805548,7.85265785,5.36956548,24.7546578,4.5076571,2.16409844,1.55279742
noise359.png,,4.76738476,7.96361776,5.37235215,24.7546578,4.5076571,2.16409844,1.55279742
noise360.png,,4.85382407,7.19413267,4.96384744,24.7546578,4.5076571,2.16409844,1.55279742
noise361.png,,4.88812675,6.24289776,4.25980512,24.7546578,4.5076571,2.16409844,1.55279742
noise362.png,,4.75373177,7.57259844,4.49211091,24.7546578,4.5076571,2.16409844,1.55279742
noise363.png,,4.72324049,7.14480878,4.16729138,24.7546578,4.5076571,2.16409844,1.55279742
noise364.png,,4.79952349,6.68873599,4.31189623,24.7546578,4.5076571,2.16409844,1.55279742
noise365.png,,4.82281233,7.21498657,3.68676219,24.7546578,4.5076571,2.16409844,1.55279742
noise366.png,,4.70685996,7.17266438,3.57901958,24.7546578,4.5076571,2.16409844,1.55279742
noise367.png,,4.87665381,7.04864961,3.37306243,24.7546578,4.5076571,2.16409844,1.55279742
noise368.png,,4.92599698,5.8905909,4.95413028,24.7546578,4.5076571,2.16409844,1.55279742
noise369.png,,4.94077217,6.66088437,4.40256396,24.7546578,4.5076571,2.16409844,1.55279742
noise370.png,,4.83712841,2.65462909,2.277324,24.7546578,4.5076571,2.16409844,1.55279742
noise371.png,,4.90642558,5.35957249,2.7949111,24.7546578,4.5076571,2.16409844,1.55279742
noise372.png,,4.92653428,6.4917121,3.84335686,24.7546578,4.5076571,2.16409844,1.55279742
noise373.png,,4.97315052,5.94830727,4.07844454,24.7546578,4.5076571,2.16409844,1.55279742
noise374.png,,4.92524408,6.97964539,4.13159,24.7546578,4.5076571,2.16409844,1.55279742
noise375.png,,4.8881555,7.39962962,5.70423141,24.7546578,4.5076571,2.16409844,1.55279742
noise376.png,,4.68625457,3.31258761,2.9823746,24.7546578,4.5076571,2.16409844,1.55279742
noise377.png,,4.85394032,5.52951488,3.42498899,24.7546578,4.5076571,2.16409844,1.55279742
noise378.png,,4.71901205,6.01306126,3.7590332,24.7546578,4.5076571,2.16409844,1.55279742
noise379.png,,4.89439453,7.32472555,4.58532475,24.7546578,4.5076571,2.16409844,1.55279742
noise380.png,,4.97321107,6.79498718,4.6195583,24.7546578,4.5076571,2.16409844,1.55279742
noise381.png,,4.97492496,5.69062253,4.6064136,24.7546578,4.5076571,2.16409844,1.55279742
noise382.png,,4.91994293,4.74255144,4.34792253,24.7546578,4.5076571,2.16409844,1.55279742
noise383.png,,4.71145508,8.14843132,5.52025829,24.7546578,4.5076571,2.16409844,1.55279742
noise384.png,,4.5900437,7.86563231,6.59461526,24.7546578,4.5076571,2.16409844,1.55279742
noise385.png,,4.70242244,6.61479938,3.82174683,24.7546578,4.5076571,2.16409844,1.55279742
noise386.png,,4.54798632,7.83016809,3.68975172,24.7546578,4.5076571,2.16409844,1.55279742
noise387.png,,4.74443808,6.99916902,3.18208522,24.7546578,4.5076571,2.16409844,1.55279742
noise388.png,,4.49463092,7.53534926,3.39416683,24.7546578,4.5076571,2.16409844,1.55279742
noise389.png,,4.71760766,7.35247718,3.90567435,24.7546578,4.5076571,2.16409844,1.55279742
noise390.png,,4.46681725,5.36780639,3.60311112,24.7546578,4.5076571,2.16409844,1.55279742
noise391.png,,4.811701,7.67432867,4.54963774,24.7546578,4.5076571,2.16409844,1.55279742
noise392.png,,4.88496431,4.40315937,3.4726742,24.7546578,4.5076571,2.16409844,1.55279742
noise393.png,,4.85443219,4.9299468,4.08169855,24.7546578,4.5076571,2.16409844,1.55279742
noise394.png,,4.75781688,4.30707593,3.62176633,24.7546578,4.5076571,2.16409844,1.55279742
noise395.png,,4.80832339,2.93114473,3.01045736,24.7546578,4.5076571,2.16409844,1.55279742
noise396.png,,4.78308402,7.58181849,4.03467754,24.7546578,4.5076571,2.16409844,1.55279742
noise397.png,,4.7757742,7.99765855,4.94221766,24.7546578,4.5076571,2.16409844,1.55279742
noise398.png,,4.70934818,8.13587543,5.20835308,24.7546578,4.5076571,2.16409844,1.55279742
noise399.png,,4.82419344,7.6343748,4.69569247,24.7546578,4.5076571,2.16409844,1.55279742
noise400.png,,4.7130339,8.05283746,5.06276329,24.7546578,4.5076571,2.16409844,1.55279742
noise401.png,,4.42508766,4.7751093,2.92421229,24.7546578,4.5076571,2.16409844,1.55279742
noise402.png,,4.75417644,5.12504673,3.2949853,24.7546578,4.5076571,2.16409844,1.55279742
noise403.png,,4.56739726,7.86504436,3.89707438,24.7546578,4.5076571,2.16409844,1.55279742
noise404.png,,4.64269034,7.80263213,4.46237482,24.7546578,4.5076571,2.16409844,1.55279742
noise405.png,,4.68540417,4.83165083,2.6649864,24.7546578,4.5076571,2.16409844,1.55279742
noise406.png,,4.64203036,7.96812171,4.41387042,24.7546578,4.5076571,2.16409844,1.55279742
noise407.png,,4.87224321,5.09660148,3.07970354,24.7546578,4.5076571,2.16409844,1.55279742
noise408.png,,4.91873891,5.99823737,3.09538239,24.7546578,4.5076571,2.16409844,1.55279742
noise409.png,,4.74383042,8.1873515,4.47576246,24.7546578,4.5076571,2.16409844,1.55279742
noise410.png,,4.83288009,7.74749176,4.57277784,24.7546578,4.5076571,2.16409844,1.55279742
noise411.png,,4.92128887,6.93823694,4.20663452,24.7546578,4.5076571,2.16409844,1.55279742
noise412.png,,3.1105586,5.16819053,2.64424163,24.7546578,4.5076571,2.16409844,1.55279742
noise413.png,,4.95211131,5.85519342,4.95847216,24.7546578,4.5076571,2.16409844,1.55279742
noise414.png,,4.81951454,5.94126439,4.13768275,24.7546578,4.5076571,2.16409844,1.55279742
noise415.png,,4.7888179,8.01593938,5.26291671,24.7546578,4.5076571,2.16409844,1.55279742
noise416.png,,4.93837858,5.96415725,4.18748863,24.7546578,4.5076571,2.16409844,1.55279742
noise417.png,,4.86502479,7.81049652,5.49042586,24.7546578,4.5076571,2.16409844,1.55279742
noise418.png,,4.8105657,7.95528949,5.59944422,24.7546578,4.5076571,2.16409844,1.55279742
noise419.png,,4.86777225,7.41066122,5.35849657,24.7546578,4.5076571,2.16409844,1.55279742
noise420.png,,4.74787061,7.59358994,7.31958606,24.7546578,4.5076571,2.16409844,1.55279742
noise421.png,,4.87232179,7.49766152,5.06762516,24.7546578,4.5076571,2.16409844,1.55279742
noise422.png,,4.73495723,8.07442533,5.69677854,24.7546578,4.5076571,2.16409844,1.55279742
noise423.png,,4.88977998,3.5808396,3.47876934,24.7546578,4.5076571,2.16409844,1.55279742
noise424.png,,4.85584253,7.67245436,5.20594458,24.7546578,4.5076571,2.16409844,1.55279742
noise425.png,,4.78624138,7.71154512,4.96239217,24.7546578,4.5076571,2.16409844,1.55279742
noise426.png,,4.61494488,3.03246624,2.73883116,24.7546578,4.5076571,2.16409844,1.55279742
noise427.png,,4.49857342,6.87376668,3.49343633,24.7546578,4.5076571,2.16409844,1.55279742
noise428.png,,4.76783334,7.55678441,4.69389732,24.7546578,4.5076571,2.16409844,1.55279742
noise429.png,,4.88188218,6.34651363,4.3510054,24.7546578,4.5076571,2.16409844,1.55279742
noise430.png,,4.86386767,7.18419751,4.81287878,24.7546578,4.5076571,2.16409844,1.55279742
noise431.png,,4.72130929,7.68064255,5.35719509,24.7546578,4.5076571,2.16409844,1.55279742
noise432.png,,4.7887182,6.42290765,4.22594138,24.7546578,4.5076571,2.16409844,1.55279742
noise433.png,,4.86227993,7.6903418,4.46333223,24.7546578,4.5076571,2.16409844,1.55279742
noise434.png,,4.87574148,4.61260068,4.13156068,24.7546578,4.5076571,2.16409844,1.55279742
noise435.png,,4.84595803,7.7366247,4.85655482,24.7546578,4.5076571,2.16409844,1.55279742
noise436.png,,4.80163896,7.90418883,5.12928263,24.7546578,4.5076571,2.16409844,1.55279742
noise437.png,,4.88203526,6.13482789,4.24374868,24.7546578,4.5076571,2.16409844,1.55279742
noise438.png,,4.72395183,8.08162215,5.67554908,24.7546578,4.5076571,2.16409844,1.55279742
noise439.png,,4.9020906,5.06115358,4.01264146,24.7546578,4.5076571,2.16409844,1.55279742
noise440.png,,4.70137883,2.29274597,3.23043105,24.7546578,4.5076571,2.16409844,1.55279742
noise441.png,,4.61376823,7.67819791,4.5035161,24.7546578,4.5076571,2.16409844,1.55279742
noise442.png,,4.66128411,6.27570405,3.90614768,24.7546578,4.5076571,2.16409844,1.55279742
noise443.png,,4.79132794,6.32168081,3.43857171,24.7546578,4.5076571,2.16409844,1.55279742
noise444.png,,4.79888813,6.75160711,3.47781252,24.7546578,4.5076571,2.16409844,1.55279742
noise445.png,,4.92050718,7.5412782,6.79637595,24.7546578,4.5076571,2.16409844,1.55279742
noise446.png,,4.65930828,7.83677639,5.5252147,24.7546578,4.5076571,2.16409844,1.55279742
noise447.png,,4.91276845,4.74605204,3.55457141,24.7546578,4.5076571,2.16409844,1.55279742
noise448.png,,4.93898101,6.41310043,3.76568244,24.7546578,4.5076571,2.16409844,1.55279742
noise449.png,,4.9326429,7.27074101,3.74316287,24.7546578,4.5076571,2.16409844,1.55279742
noise450.png,,4.96030085,5.52205235,3.6911657,24.7546578,4.5076571,2.16409844,1.55279742
noise451.png,,4.93292244,7.25817585,4.71663531,24.7546578,4.5076571,2.16409844,1.55279742
noise452.png,,4.9544936,5.02594516,3.99311799,24.7546578,4.5076571,2.16409844,1.55279742
noise453.png,,4.91423745,7.51824586,5.1052635,24.7546578,4.5076571,2.16409844,1.55279742
noise454.png,,4.65787567,7.9306342,6.95685832,24.7546578,4.5076571,2.16409844,1.55279742
noise455.png,,4.75857391,8.01572689,5.23976943,24.7546578,4.5076571,2.16409844,1.55279742
noise456.png,,4.76874195,6.11596995,4.50558172,24.7546578,4.5076571,2.16409844,1.55279742
noise457.png,,4.9369069,4.7623237,4.66547708,24.7546578,4.5076571,2.16409844,1.55279742
noise458.png,,4.83368954,3.97001008,3.69762585,24.7546578,4.5076571,2.16409844,1.55279742
noise459.png,,4.76551949,7.97502899,5.62181839,24.7546578,4.5076571,2.16409844,1.55279742
noise460.png,,4.93723353,7.06724139,4.5770509,24.7546578,4.5076571,2.16409844,1.55279742
noise461.png,,4.92794723,5.39965107,4.52920233,24.7546578,4.5076571,2.16409844,1.55279742
noise462.png,,4.7221615,7.83217405,5.6204092,24.7546578,4.5076571,2.16409844,1.55279742
noise463.png,,4.92361502,5.97154754,5.10096172,24.7546578,4.5076571,2.16409844,1.55279742
noise464.png,,4.92774551,6.78657722,4.91451129,24.7546578,4.5076571,2.16409844,1.55279742
noise465.png,,4.84094545,7.39867693,5.28937964,24.7546578,4.5076571,2.16409844,1.55279742
noise466.png,,4.71669717,7.92548852,4.90953034,24.7546578,4.5076571,2.16409844,1.55279742
noise467.png,,4.74841186,3.85982304,3.31279141,24.7546578,4.5076571,2.16409844,1.55279742
noise468.png,,4.95373042,6.28514715,5.01628262,24.7546578,4.5076571,2.16409844,1.55279742
noise469.png,,4.65514319,4.28748269,3.14765601,24.7546578,4.5076571,2.16409844,1.55279742
noise470.png,,4.56352775,6.50814529,4.10650156,24.7546578,4.5076571,2.16409844,1.55279742
noise471.png,,4.78924556,7.56749678,5.52330227,24.7546578,4.5076571,2.16409844,1.55279742
noise472.png,,4.65190689,1.75443924,3.41152655,24.7546578,4.5076571,2.16409844,1.55279742
noise473.png,,4.42195075,7.33699482,5.0683145,24.7546578,4.5076571,2.16409844,1.55279742
noise474.png,,4.83086632,6.29561358,3.91728061,24.7546578,4.5076571,2.16409844,1.55279742
noise475.png,,4.89187655,5.73699728,4.21376427,24.7546578,4.5076571,2.16409844,1.55279742
noise476.png,,4.74768721,8.20484748,5.20522353,24.7546578,4.5076571,2.16409844,1.55279742
noise477.png,,4.76507353,8.14042911,5.56627102,24.7546578,4.5076571,2.16409844,1.55279742
noise478.png,,4.92039273,5.84291747,4.15872791,24.7546578,4.5076571,2.16409844,1.55279742
noise479.png,,4.75469835,8.16141943,5.82811722,24.7546578,4.5076571,2.16409844,1.55279742
noise480.png,,4.82558014,7.8144075,5.70222383,24.7546578,4.5076571,2.16409844,1.55279742
noise481.png,,4.73004873,8.13828779,5.6702462,24.7546578,4.5076571,2.16409844,1.55279742
noise482.png,,4.78158037,3.74439341,3.55062388,24.7546578,4.5076571,2.16409844,1.55279742
noise483.png,,4.87960071,6.55044566,4.48260319,24.7546578,4.5076571,2.16409844,1.55279742
noise484.png,,4.91685783,5.41497705,4.37873392,24.7546578,4.5076571,2.16409844,1.55279742
noise485.png,,4.55321014,7.20429211,4.08403584,24.7546578,4.5076571,2.16409844,1.55279742
noise486.png,,4.69100205,8.06803917,4.5177732,24.7546578,4.5076571,2.16409844,1.55279742
noise487.png,,4.96050659,5.55534884,4.18856572,24.7546578,4.5076571,2.16409844,1.55279742
noise488.png,,4.94206705,3.46649677,3.36842615,24.7546578,4.5076571,2.16409844,1.55279742
noise489.png,,4.84752341,7.78017858,4.09819898,24.7546578,4.5076571,2.16409844,1.55279742
noise490.png,,4.95261533,5.2745543,4.66937794,24.7546578,4.5076571,2.16409844,1.55279742
noise491.png,,4.91808681,7.48010882,4.19630642,24.7546578,4.5076571,2.16409844,1.55279742
noise492.png,,4.88592685,7.70565183,4.56823371,24.7546578,4.5076571,2.16409844,1.55279742
noise493.png,,4.89527307,7.63069526,4.80258418,24.7546578,4.5076571,2.16409844,1.55279742
noise494.png,,4.87363109,7.84658421,5.60883047,24.7546578,4.5076571,2.16409844,1.55279742
noise495.png,,4.85831901,7.44318164,4.36457196,24.7546578,4.5076571,2.16409844,1.55279742
noise496.png,,4.91966918,3.07739325,3.56759105,24.7546578,4.5076571,2.16409844,1.55279742
noise497.png,,4.86632215,7.55159892,4.93504244,24.7546578,4.5076571,2.16409844,1.55279742
noise498.png,,4.76076643,8.08635496,5.55986113,24.7546578,4.5076571,2.16409844,1.55279742
noise499.png,,4.94631276,6.97164419,4.56703635,24.7546578,4.5076571,2.16409844,1.55279742
noise500.png,,4.94407544,6.29156092,5.35317096,24.7546578,4.5076571,2.16409844,1.55279742
noise501.png,,4.9388797,5.45328165,4.85975497,24.7546578,4.5076571,2.16409844,1.55279742
noise502.png,,4.92175621,5.90190465,5.98108927,24.7546578,4.5076571,2.16409844,1.55279742
noise503.png,,4.72850518,7.89471694,6.00645297,24.7546578,4.5076571,2.16409844,1.55279742
noise504.png,,4.93208154,7.12717802,5.67356304,24.7546578,4.5076571,2.16409844,1.55279742
noise505.png,,4.72777023,7.71932811,6.02430576,24.7546578,4.5076571,2.16409844,1.55279742
noise506.png,,4.65732531,8.01546806,6.8778513,24.7546578,4.5076571,2.16409844,1.55279742
noise507.png,,4.80356369,7.48840511,6.3587461,24.7546578,4.5076571,2.16409844,1.55279742
noise508.png,,4.95002245,6.50098605,4.65007228,24.7546578,4.5076571,2.16409844,1.55279742
noise509.png,,4.85080284,7.90171237,4.88049017,24.7546578,4.5076571,2.16409844,1.55279742
noise510.png,,4.94654505,7.06515081,4.27394672,24.7546578,4.5076571,2.16409844,1.55279742
noise511.png,,4.7756801,8.15134694,5.1969425,24.7546578,4.5076571,2.16409844,1.55279742
noise512.png,,4.93496944,7.49065359,5.48443604,24.7546578,4.5076571,2.16409844,1.55279742
noise513.png,,4.97402429,3.51386287,4.99046116,24.7546578,4.5076571,2.16409844,1.55279742
noise514.png,,4.74624795,7.99229169,4.74269493,24.7546578,4.5076571,2.16409844,1.55279742
noise515.png,,4.6418035,7.92753137,4.43671013,24.7546578,4.5076571,2.16409844,1.55279742
noise516.png,,4.86714374,6.12989494,3.74395034,24.7546578,4.5076571,2.16409844,1.55279742
noise517.png,,4.80921418,7.71453982,4.35731058,24.7546578,4.5076571,2.16409844,1.55279742
noise518.png,,4.78051133,7.9156563,6.64840279,24.7546578,4.5076571,2.16409844,1.55279742
noise519.png,,4.82273449,7.27542742,3.92829386,24.7546578,4.5076571,2.16409844,1.55279742
noise520.png,,4.79366046,7.52017424,4.03820621,24.7546578,4.5076571,2.16409844,1.55279742
noise521.png,,4.92107639,6.57290442,4.19970344,24.7546578,4.5076571,2.16409844,1.55279742
noise522.png,,4.86838181,7.63376041,4.78097594,24.7546578,4.5076571,2.16409844,1.55279742
noise523.png,,4.94846722,5.49744661,4.33021097,24.7546578,4.5076571,2.16409844,1.55279742
noise524.png,,4.72929984,7.99704651,4.68720739,24.7546578,4.5076571,2.16409844,1.55279742
noise525.png,,4.83627468,4.32518261,3.82480816,24.7546578,4.5076571,2.16409844,1.55279742
noise526.png,,4.79765254,7.13476898,4.23475856,24.7546578,4.5076571,2.16409844,1.55279742
noise527.png,,4.61367229,7.12299344,4.36778529,24.7546578,4.5076571,2.16409844,1.55279742
noise528.png,,4.23742871,6.97146387,3.96432256,24.7546578,4.5076571,2.16409844,1.55279742
noise529.png,,4.63053367,4.15577361,3.21898756,24.7546578,4.5076571,2.16409844,1.55279742
noise530.png,,3.83384382,6.15461586,3.1334037,24.7546578,4.5076571,2.16409844,1.55279742
noise531.png,,4.53545836,7.41291689,4.18883021,24.7546578,4.5076571,2.16409844,1.55279742
noise532.png,,4.80602838,7.653126,4.90117032,24.7546578,4.5076571,2.16409844,1.55279742
noise533.png,,4.669124,7.14111243,4.73632513,24.7546578,4.5076571,2.16409844,1.55279742
noise534.png,,4.81926288,6.3778754,4.74912696,24.7546578,4.5076571,2.16409844,1.55279742
noise535.png,,4.94192755,6.453806,5.12441299,24.7546578,4.5076571,2.16409844,1.55279742
noise536.png,,4.94095811,4.96452264,4.4464991,24.7546578,4.5076571,2.16409844,1.55279742
noise537.png,,4.76542866,8.1687695,5.54917579,24.7546578,4.5076571,2.16409844,1.55279742
noise538.png,,4.73464122,8.18690734,5.86730418,24.7546578,4.5076571,2.16409844,1.55279742
noise539.png,,4.88096679,2.9023161,3.87566839,24.7546578,4.5076571,2.16409844,1.55279742
noise540.png,,4.63066249,7.03231941,3.52377678,24.7546578,4.5076571,2.16409844,1.55279742
noise541.png,,4.81489194,7.79218569,5.43463733,24.7546578,4.5076571,2.16409844,1.55279742
noise542.png,,4.70949912,7.63661431,5.08366244,24.7546578,4.5076571,2.16409844,1.55279742
noise543.png,,4.93113463,6.1403172,4.5490232,24.7546578,4.5076571,2.16409844,1.55279742
noise544.png,,4.72156744,8.18525159,5.4497932,24.7546578,4.5076571,2.16409844,1.55279742
noise545.png,,4.89088489,7.39409716,4.93787339,24.7546578,4.5076571,2.16409844,1.55279742
noise546.png,,4.95987007,5.50498188,5.47943055,24.7546578,4.5076571,2.16409844,1.55279742
noise547.png,,4.77401108,8.14365912,6.0395053,24.7546578,4.5076571,2.16409844,1.55279742
noise548.png,,4.73078378,8.16011208,5.42223702,24.7546578,4.5076571,2.16409844,1.55279742
noise549.png,,4.97600032,4.84222725,4.01865043,24.7546578,4.5076571,2.16409844,1.55279742
noise550.png,,4.90395934,7.66647402,4.82293522,24.7546578,4.5076571,2.16409844,1.55279742