image_name,hueval,satval,valval,kernel_size
noise1.png,5,4,4,4
noise2.png,5,6,4,5
noise3.png,5,8,6,5
noise4.png,5,5,5,5
noise5.png,5,5,7,6
noise6.png,5,7,4,6
noise7.png,5,8,4,7
noise8.png,5,8,5,4
noise9.png,5,8,5,5
noise10.png,5,8,4,4
noise11.png,5,8,4,5
noise12.png,5,8,5,6
noise13.png,5,6,4,5
noise14.png,5,3,3,7
noise15.png,5,8,5,8
noise16.png,5,8,5,7
noise17.png,5,3,4,6
noise18.png,5,7,5,5
noise19.png,5,7,4,5
noise20.png,5,8,4,5
noise21.png,5,6,3,6
noise22.png,5,7,4,6
noise23.png,5,7,4,6
noise24.png,5,8,6,5
noise25.png,5,8,5,4
noise26.png,5,8,5,5
noise27.png,5,8,6,5
noise28.png,5,8,5,5
noise29.png,5,8,5,6
noise30.png,5,7,5,6
noise31.png,5,3,4,6
noise32.png,5,7,5,7
noise33.png,5,7,4,6
noise34.png,5,7,5,6
noise35.png,5,5,4,5
noise36.png,5,3,3,6
noise37.png,5,8,5,6
noise38.png,5,3,4,6
noise39.png,5,5,5,7
noise40.png,5,7,4,6
noise41.png,5,8,6,6
noise42.png,5,8,6,6
noise43.png,5,8,7,5
noise44.png,5,6,6,6
noise45.png,5,8,8,6
noise46.png,5,8,6,5
noise47.png,5,8,4,4
noise48.png,5,8,5,3
noise49.png,5,2,3,4
noise50.png,5,8,5,6
noise51.png,5,8,5,4
noise52.png,5,7,5,5
noise53.png,5,8,5,6
noise54.png,5,7,4,5
noise55.png,5,8,4,6
noise56.png,5,8,5,6
noise57.png,5,8,6,5
noise58.png,5,6,4,5
noise59.png,5,4,3,6
noise60.png,5,8,4,5
noise61.png,5,2,3,5
noise62.png,5,7,5,6
noise63.png,5,7,5,6
noise64.png,5,5,4,5
noise65.png,5,8,5,4
noise66.png,5,7,5,6
noise67.png,5,8,6,6
noise68.png,5,7,5,5
noise69.png,5,8,5,6
noise70.png,5,6,5,5
noise71.png,5,6,5,4
noise72.png,5,8,6,6
noise73.png,5,6,4,5
noise74.png,5,8,5,4
noise75.png,5,5,4,6
noise76.png,5,8,5,4
noise77.png,5,8,5,7
noise78.png,5,8,5,5
noise79.png,5,8,5,5
noise80.png,5,6,4,5
noise81.png,5,8,6,4
noise82.png,5,8,6,5
noise83.png,5,6,6,5
noise84.png,5,8,4,5
noise85.png,5,7,4,5
noise86.png,5,6,3,4
noise87.png,5,5,3,6
noise88.png,5,8,4,6
noise89.png,5,8,5,3
noise90.png,5,5,4,5
noise91.png,5,5,3,5
noise92.png,5,7,5,4
noise93.png,5,8,5,6
noise94.png,5,8,5,5
noise95.png,5,7,4,5
noise96.png,5,6,4,6
noise97.png,5,8,5,5
noise98.png,5,8,5,4
noise99.png,5,8,5,5
noise100.png,5,6,4,6
noise101.png,5,6,5,4
noise102.png,5,8,5,4
noise103.png,5,6,5,5
noise104.png,5,7,5,6
noise105.png,5,8,6,5
noise106.png,5,8,6,5
noise107.png,5,8,6,6
noise108.png,5,7,5,5
noise109.png,5,8,6,5
noise110.png,5,7,5,4
noise111.png,5,8,5,5
noise112.png,5,8,4,5
noise113.png,5,8,5,4
noise114.png,5,7,4,5
noise115.png,5,8,5,4
noise116.png,5,6,4,6
noise117.png,5,7,4,4
noise118.png,5,8,6,4
noise119.png,5,8,5,5
noise120.png,5,4,4,6
noise121.png,5,8,6,6
noise122.png,5,8,6,5
noise123.png,5,7,7,5
noise124.png,5,8,5,5
noise125.png,5,8,4,4
noise126.png,5,4,3,4
noise127.png,5,8,4,4
noise128.png,5,7,4,5
noise129.png,5,8,4,5
noise130.png,5,8,4,4
noise131.png,5,5,4,5
noise132.png,5,8,5,4
noise133.png,5,8,5,4
noise134.png,5,8,5,5
noise135.png,5,8,6,6
noise136.png,5,8,6,5
noise137.png,5,6,4,6
noise138.png,5,8,4,4
noise139.png,5,5,4,6
noise140.png,5,8,6,4
noise141.png,5,3,4,4
noise142.png,5,8,5,4
noise143.png,5,8,5,5
noise144.png,5,6,5,5
noise145.png,5,7,5,4
noise146.png,5,7,5,6
noise147.png,5,8,6,4
noise148.png,5,8,6,6
noise149.png,5,4,4,5
noise150.png,5,7,5,4
noise151.png,5,4,4,4
noise152.png,5,4,5,6
noise153.png,5,8,6,4
noise154.png,5,8,5,5
noise155.png,5,7,5,4
noise156.png,5,8,5,5
noise157.png,5,7,5,5
noise158.png,5,5,5,5
noise159.png,5,8,6,5
noise160.png,5,8,6,6
noise161.png,5,8,6,5
noise162.png,5,8,6,4
noise163.png,5,5,6,5
noise164.png,5,7,4,5
noise165.png,5,8,4,5
noise166.png,5,2,3,4
noise167.png,5,7,3,5
noise168.png,5,8,5,5
noise169.png,5,8,4,5
noise170.png,5,5,4,3
noise171.png,5,5,4,5
noise172.png,5,4,4,4
noise173.png,5,8,5,4
noise174.png,5,8,6,5
noise175.png,5,5,5,4
noise176.png,5,4,4,3
noise177.png,5,8,5,4
noise178.png,5,7,4,5
noise179.png,5,7,5,4
noise180.png,5,6,4,3
noise181.png,5,8,5,4
noise182.png,5,6,5,4
noise183.png,5,8,4,6
noise184.png,5,8,4,6
noise185.png,4,8,4,4
noise186.png,5,8,4,6
noise187.png,5,8,5,4
noise188.png,5,7,5,5
noise189.png,5,4,4,4
noise190.png,5,8,5,4
noise191.png,5,8,6,4
noise192.png,5,6,4,3
noise193.png,5,8,5,5
noise194.png,5,8,5,5
noise195.png,5,8,6,4
noise196.png,5,8,5,4
noise197.png,5,7,5,5
noise198.png,5,8,5,3
noise199.png,5,7,5,4
noise200.png,5,6,5,5
noise201.png,5,8,5,5
noise202.png,5,7,6,5
noise203.png,5,8,4,4
noise204.png,5,6,4,4
noise205.png,5,6,4,4
noise206.png,5,7,5,2
noise207.png,5,6,4,5
noise208.png,5,7,5,5
noise209.png,5,7,5,6
noise210.png,5,6,5,4
noise211.png,5,8,6,4
noise212.png,5,8,5,4
noise213.png,5,8,5,4
noise214.png,5,8,5,5
noise215.png,5,8,5,4
noise216.png,5,8,6,4
noise217.png,5,4,4,5
noise218.png,5,8,4,6
noise219.png,5,7,4,5
noise220.png,5,7,5,6
noise221.png,5,8,6,6
noise222.png,5,8,7,5
noise223.png,5,8,4,4
noise224.png,5,7,5,5
noise225.png,5,8,6,3
noise226.png,5,6,5,5
noise227.png,5,6,4,6
noise228.png,5,3,3,4
noise229.png,5,8,4,5
noise230.png,5,8,5,5
noise231.png,5,6,3,5
noise232.png,5,8,4,4
noise233.png,5,8,4,5
noise234.png,5,8,4,4
noise235.png,5,7,6,5
noise236.png,5,5,3,6
noise237.png,5,8,5,5
noise238.png,4,8,4,5
noise239.png,4,6,3,5
noise240.png,5,8,5,4
noise241.png,5,7,5,5
noise242.png,5,4,2,5
noise243.png,4,8,3,5
noise244.png,5,7,2,6
noise245.png,4,7,3,5
noise246.png,5,8,7,7
noise247.png,5,7,3,5
noise248.png,5,8,3,4
noise249.png,5,7,5,5
noise250.png,5,3,4,4
noise251.png,5,8,5,4
noise252.png,5,8,4,4
noise253.png,5,7,4,4
noise254.png,5,8,5,5
noise255.png,5,6,4,6
noise256.png,5,8,4,4
noise257.png,5,8,5,4
noise258.png,5,6,4,5
noise259.png,5,7,4,5
noise260.png,5,5,3,5
noise261.png,5,7,3,6
noise262.png,5,6,3,4
noise263.png,5,8,4,5
noise264.png,5,6,6,5
noise265.png,5,8,5,5
noise266.png,5,7,4,6
noise267.png,5,8,4,6
noise268.png,5,8,5,6
noise269.png,4,7,3,4
noise270.png,5,6,3,6
noise271.png,5,4,3,4
noise272.png,5,2,2,5
noise273.png,5,7,3,6
noise274.png,5,8,3,6
noise275.png,5,6,2,6
noise276.png,5,7,3,5
noise277.png,5,6,3,6
noise278.png,5,8,6,5
noise279.png,5,6,4,7
noise280.png,5,8,5,7
noise281.png,5,8,5,4
noise282.png,5,8,5,4
noise283.png,5,8,4,4
noise284.png,5,7,4,5
noise285.png,5,4,3,5
noise286.png,5,6,3,6
noise287.png,5,8,4,6
noise288.png,5,8,5,6
noise289.png,5,8,4,7
noise290.png,5,8,5,7
noise291.png,5,5,3,5
noise292.png,5,8,3,5
noise293.png,5,7,4,6
noise294.png,5,8,6,4
noise295.png,5,7,4,5
noise296.png,5,6,3,5
noise297.png,5,7,4,6
noise298.png,5,8,5,6
noise299.png,5,8,6,7
noise300.png,5,8,6,6
noise301.png,5,7,5,6
noise302.png,5,8,4,6
noise303.png,5,7,3,4
noise304.png,5,5,3,5
noise305.png,5,7,3,6
noise306.png,4,6,3,5
noise307.png,5,7,3,5
noise308.png,5,8,3,4
noise309.png,5,7,3,5
noise310.png,5,4,3,4
noise311.png,5,8,4,5
noise312.png,5,7,5,6
noise313.png,5,8,5,6
noise314.png,5,8,4,5
noise315.png,5,7,4,5
noise316.png,5,8,6,3
noise317.png,5,6,5,4
noise318.png,5,3,4,4
noise319.png,5,2,3,5
noise320.png,5,8,5,4
noise321.png,5,5,3,4
noise322.png,5,8,4,6
noise323.png,5,8,7,5
noise324.png,5,5,3,5
noise325.png,5,4,4,5
noise326.png,5,8,4,6
noise327.png,5,8,5,6
noise328.png,5,6,2,5
noise329.png,5,8,3,6
noise330.png,5,8,4,5
noise331.png,5,8,4,5
noise332.png,5,4,4,4
noise333.png,5,8,7,5
noise334.png,5,7,7,6
noise335.png,5,7,5,4
noise336.png,5,2,3,7
noise337.png,5,5,3,6
noise338.png,5,6,4,6
noise339.png,5,8,4,5
noise340.png,5,7,5,5
noise341.png,5,8,5,5
noise342.png,5,5,4,6
noise343.png,5,7,4,4
noise344.png,5,3,2,5
noise345.png,5,7,3,5
noise346.png,5,7,6,4
noise347.png,5,6,3,4
noise348.png,4,7,3,4
noise349.png,5,7,3,5
noise350.png,5,8,4,5
noise351.png,5,5,3,4
noise352.png,5,3,3,5
noise353.png,5,8,4,4
noise354.png,5,8,5,4
noise355.png,5,8,5,3
noise356.png,5,8,5,3
noise357.png,5,8,6,4
noise358.png,5,8,5,5
noise359.png,5,8,5,4
noise360.png,5,7,5,3
noise361.png,5,6,4,4
noise362.png,5,8,5,4
noise363.png,5,7,4,5
noise364.png,5,7,4,4
noise365.png,5,7,4,5
noise366.png,5,7,4,4
noise367.png,5,7,3,5
noise368.png,5,6,5,7
noise369.png,5,7,4,6
noise370.png,5,3,2,6
noise371.png,5,5,3,5
noise372.png,5,7,4,5
noise373.png,5,6,4,4
noise374.png,5,7,4,5
noise375.png,5,7,6,5
noise376.png,5,3,3,5
noise377.png,5,6,3,3
noise378.png,5,6,4,2
noise379.png,5,7,5,5
noise380.png,5,7,5,4
noise381.png,5,6,5,4
noise382.png,5,5,4,3
noise383.png,5,8,6,5
noise384.png,5,8,7,4
noise385.png,5,7,4,2
noise386.png,5,8,4,2
noise387.png,5,7,3,4
noise388.png,5,8,3,3
noise389.png,5,7,4,4
noise390.png,5,5,4,3
noise391.png,5,8,5,4
noise392.png,5,4,4,4
noise393.png,5,5,4,5
noise394.png,5,4,4,3
noise395.png,5,3,3,3
noise396.png,5,8,4,3
noise397.png,5,8,5,4
noise398.png,5,8,5,5
noise399.png,5,8,5,6
noise400.png,5,8,5,3
noise401.png,4,5,3,2
noise402.png,5,5,3,5
noise403.png,5,8,4,4
noise404.png,5,8,5,3
noise405.png,5,5,3,6
noise406.png,5,8,4,4
noise407.png,5,5,3,5
noise408.png,5,6,3,3
noise409.png,5,8,5,4
noise410.png,5,8,5,4
noise411.png,5,7,4,5
noise412.png,3,5,3,5
noise413.png,5,6,5,5
noise414.png,5,6,4,4
noise415.png,5,8,5,4
noise416.png,5,6,4,5
noise417.png,5,8,6,6
noise418.png,5,8,6,6
noise419.png,5,7,5,5
noise420.png,5,8,7,6
noise421.png,5,8,5,5
noise422.png,5,8,6,4
noise423.png,5,4,4,5
noise424.png,5,8,5,5
noise425.png,5,8,5,5
noise426.png,5,3,3,5
noise427.png,5,7,4,4
noise428.png,5,8,5,5
noise429.png,5,6,4,4
noise430.png,5,7,5,6
noise431.png,5,8,5,4
noise432.png,5,6,4,5
noise433.png,5,8,5,4
noise434.png,5,5,4,4
noise435.png,5,8,5,5
noise436.png,5,8,5,5
noise437.png,5,6,4,5
noise438.png,5,8,6,4
noise439.png,5,5,4,5
noise440.png,5,2,3,3
noise441.png,5,8,5,4
noise442.png,5,6,4,4
noise443.png,5,6,3,5
noise444.png,5,7,4,6
noise445.png,5,8,7,5
noise446.png,5,8,6,5
noise447.png,5,5,4,4
noise448.png,5,6,4,5
noise449.png,5,7,4,5
noise450.png,5,6,4,5
noise451.png,5,7,5,4
noise452.png,5,5,4,4
noise453.png,5,8,5,5
noise454.png,5,8,7,3
noise455.png,5,8,5,4
noise456.png,5,6,5,5
noise457.png,5,5,5,5
noise458.png,5,4,4,4
noise459.png,5,8,6,4
noise460.png,5,7,5,4
noise461.png,5,5,5,5
noise462.png,5,8,6,5
noise463.png,5,6,5,3
noise464.png,5,7,5,5
noise465.png,5,7,5,4
noise466.png,5,8,5,3
noise467.png,5,4,3,4
noise468.png,5,6,5,5
noise469.png,5,4,3,5
noise470.png,5,7,4,5
noise471.png,5,8,6,4
noise472.png,5,2,3,5
noise473.png,4,7,5,4
noise474.png,5,6,4,5
noise475.png,5,6,4,5
noise476.png,5,8,5,5
noise477.png,5,8,6,6
noise478.png,5,6,4,5
noise479.png,5,8,6,5
noise480.png,5,8,6,5
noise481.png,5,8,6,5
noise482.png,5,4,4,4
noise483.png,5,7,5,5
noise484.png,5,5,4,5
noise485.png,5,7,4,5
noise486.png,5,8,5,5
noise487.png,5,6,4,5
noise488.png,5,4,3,5
noise489.png,5,8,4,4
noise490.png,5,5,5,5
noise491.png,5,8,4,5
noise492.png,5,8,5,5
noise493.png,5,8,5,5
noise494.png,5,8,6,5
noise495.png,5,7,4,4
noise496.png,5,3,4,5
noise497.png,5,8,5,4
noise498.png,5,8,6,4
noise499.png,5,7,5,4
noise500.png,5,6,5,4
noise501.png,5,6,5,4
noise502.png,5,6,6,3
noise503.png,5,8,6,5
noise504.png,5,7,6,4
noise505.png,5,8,6,4
noise506.png,5,8,7,3
noise507.png,5,8,6,5
noise508.png,5,7,5,5
noise509.png,5,8,5,5
noise510.png,5,7,4,4
noise511.png,5,8,5,5
noise512.png,5,8,6,4
noise513.png,5,4,5,4
noise514.png,5,8,5,4
noise515.png,5,8,4,4
noise516.png,5,6,4,5
noise517.png,5,8,4,5
noise518.png,5,8,7,5
noise519.png,5,7,4,4
noise520.png,5,8,4,5
noise521.png,5,7,4,4
noise522.png,5,8,5,5
noise523.png,5,6,4,4
noise524.png,5,8,5,5
noise525.png,5,4,4,4
noise526.png,5,7,4,4
noise527.png,5,7,4,5
noise528.png,4,7,4,5
noise529.png,5,4,3,4
noise530.png,4,6,3,4
noise531.png,5,7,4,5
noise532.png,5,8,5,4
noise533.png,5,7,5,4
noise534.png,5,6,5,5
noise535.png,5,7,5,5
noise536.png,5,5,4,5
noise537.png,5,8,6,5
noise538.png,5,8,6,3
noise539.png,5,3,4,4
noise540.png,5,7,4,4
noise541.png,5,8,5,4
noise542.png,5,8,5,5
noise543.png,5,6,5,4
noise544.png,5,8,5,4
noise545.png,5,7,5,4
noise546.png,5,6,6,4
noise547.png,5,8,6,4
noise548.png,5,8,5,4
noise549.png,5,5,4,4
noise550.png,5,8,5,5
